{
	"parent": "item/handheld",
	"textures": {
		"layer0": "aether_legacy:items/weapons/valkyrie_lance"
	},
	"display": {
		"thirdperson_righthand": {
			"rotation": [ 0, 90, -135 ],
			"translation": [ 0, 0.5, -2.5 ],
			"scale": [ 0.85, 0.85, 0.85 ]
		},
		"thirdperson_lefthand": {
			"rotation": [ 0, -90, 135 ],
			"translation": [ 0, 0.5, -2.5 ],
			"scale": [ 0.85, 0.85, 0.85 ]
		},
		"firstperson": {
			"rotation": [ 0, -135, 25 ],
			"translation": [ 0, 4, 2 ],
			"scale": [ 1.7, 1.7, 1.7 ]
		}
	}
}
