{
	"credit": "Made by Foreck with Blockbench",
	"parent": "block/cube_all",
	"textures": {
		"4": "salt_lamps:blocks/pink_lamp",
		"particle": "salt_lamps:blocks/pink_lamp"
	},
	"elements": [
		{
			"name": "base_center",
			"from": [5, 0, 5],
			"to": [11, 1, 11],
			"faces": {
				"north": {"uv": [6, 5, 12, 6], "texture": "#4"},
				"east": {"uv": [6, 5, 12, 6], "texture": "#4"},
				"south": {"uv": [6, 5, 12, 6], "texture": "#4"},
				"west": {"uv": [6, 5, 12, 6], "texture": "#4"},
				"up": {"uv": [6, 6, 0, 0], "texture": "#4"},
				"down": {"uv": [6, 0, 0, 6], "texture": "#4"}
			}
		},
		{
			"name": "crystal_side0",
			"from": [5, 1.7, 6],
			"to": [11, 6.7, 10],
			"rotation": {"angle": 0, "axis": "y", "origin": [0, -0.3, 0]},
			"faces": {
				"north": {"uv": [9, 11, 15, 16], "texture": "#4"},
				"east": {"uv": [10, 11, 14, 16], "texture": "#4"},
				"south": {"uv": [9, 11, 15, 16], "texture": "#4"},
				"west": {"uv": [10, 11, 14, 16], "texture": "#4"}
			}
		},
		{
			"name": "crystal_side1",
			"from": [6, 1.7, 5],
			"to": [10, 6.7, 11],
			"rotation": {"angle": 0, "axis": "y", "origin": [0, -0.3, 0]},
			"faces": {
				"north": {"uv": [10, 11, 14, 16], "texture": "#4"},
				"east": {"uv": [9, 11, 15, 16], "texture": "#4"},
				"south": {"uv": [10, 11, 14, 16], "texture": "#4"},
				"west": {"uv": [9, 11, 15, 16], "texture": "#4"}
			}
		},
		{
			"name": "crystal_upper_side0",
			"from": [6.01, 5.97373, 5.65119],
			"to": [9.99, 8.59873, 8.65119],
			"rotation": {"angle": 22.5, "axis": "x", "origin": [8, 7.97373, 7.15119]},
			"faces": {
				"north": {"uv": [10, 9, 14, 11], "texture": "#4"},
				"east": {"uv": [10, 9, 13, 11], "texture": "#4"},
				"west": {"uv": [10, 9, 13, 11], "texture": "#4"}
			}
		},
		{
			"name": "crystal_upper_side1",
			"from": [5.65119, 5.97373, 6.01],
			"to": [8.65119, 8.59873, 9.99],
			"rotation": {"angle": -22.5, "axis": "z", "origin": [7.15119, 7.97373, 8]},
			"faces": {
				"north": {"uv": [10, 9, 13, 11], "texture": "#4"},
				"south": {"uv": [10, 9, 13, 11], "texture": "#4"},
				"west": {"uv": [10, 9, 14, 11], "texture": "#4"}
			}
		},
		{
			"name": "crystal_upper_side2",
			"from": [6.01, 5.97373, 7.34881],
			"to": [9.99, 8.59873, 10.34881],
			"rotation": {"angle": -22.5, "axis": "x", "origin": [8, 7.97373, 8.84881]},
			"faces": {
				"east": {"uv": [10, 9, 13, 11], "texture": "#4"},
				"south": {"uv": [10, 9, 14, 11], "texture": "#4"},
				"west": {"uv": [10, 9, 13, 11], "texture": "#4"}
			}
		},
		{
			"name": "crystal_upper_side3",
			"from": [7.34881, 5.97373, 6.01],
			"to": [10.34881, 8.59873, 9.99],
			"rotation": {"angle": 22.5, "axis": "z", "origin": [8.84881, 7.97373, 8]},
			"faces": {
				"north": {"uv": [10, 9, 13, 11], "texture": "#4"},
				"east": {"uv": [10, 9, 14, 11], "texture": "#4"},
				"south": {"uv": [10, 9, 13, 11], "texture": "#4"}
			}
		},
		{
			"name": "crystal_lower_side0",
			"from": [6.01, 0.84645, 5.76777],
			"to": [9.99, 2.84645, 6.76777],
			"rotation": {"angle": -45, "axis": "x", "origin": [8.075, 1.34645, 6.76777]},
			"faces": {
				"north": {"uv": [10, 13, 13.98, 15], "texture": "#4"},
				"east": {"uv": [10, 14, 11, 15], "texture": "#4"},
				"west": {"uv": [10, 14, 11, 15], "texture": "#4"}
			}
		},
		{
			"name": "crystal_lower_side1",
			"from": [5.06066, 0.55355, 6.01],
			"to": [6.06066, 2.55355, 9.99],
			"rotation": {"angle": 45, "axis": "z", "origin": [6.06066, 2.05355, 7.91]},
			"faces": {
				"north": {"uv": [10, 14, 11, 15], "texture": "#4"},
				"south": {"uv": [10, 14, 11, 15], "texture": "#4"},
				"west": {"uv": [10, 13, 13.98, 15], "texture": "#4"}
			}
		},
		{
			"name": "crystal_lower_side2",
			"from": [9.23223, 0.84645, 6.01],
			"to": [10.23223, 2.84645, 9.99],
			"rotation": {"angle": -45, "axis": "z", "origin": [9.23223, 1.34645, 8.015]},
			"faces": {
				"north": {"uv": [10, 14, 11, 15], "texture": "#4"},
				"east": {"uv": [10, 13, 13.98, 15], "texture": "#4"},
				"south": {"uv": [10, 14, 11, 15], "texture": "#4"}
			}
		},
		{
			"name": "crystal_lower_side3",
			"from": [6.01, 0.55355, 9.93934],
			"to": [9.99, 2.55355, 10.93934],
			"rotation": {"angle": 45, "axis": "x", "origin": [8.02, 2.05355, 9.93934]},
			"faces": {
				"east": {"uv": [10, 14, 11, 15], "texture": "#4"},
				"south": {"uv": [10, 13, 13.98, 15], "texture": "#4"},
				"west": {"uv": [10, 14, 11, 15], "texture": "#4"}
			}
		},
		{
			"name": "crystal_top",
			"from": [6, 9.12418, 5.99546],
			"to": [10, 9.12418, 9.99546],
			"rotation": {"angle": 0, "axis": "y", "origin": [-1, -0.87582, 0.99546]},
			"faces": {
				"up": {"uv": [6, 13, 2, 9], "texture": "#4"}
			}
		}
	],
	"groups": [
		{
			"name": "base",
			"origin": [0, 0, 0],
			"color": 0,
			"children": [0]
		},
		{
			"name": "crystal",
			"origin": [8, 8, 8],
			"color": 0,
			"children": [1, 2, 3, 4, 5, 6, 7, 8, 9, 10, 11]
		}
	]
}