{
  "type": "subaraki:pattern",
  "name": "gibea",
  "pattern": [
    "AAAAAAAAAAAAAAAA",
    "AAAAAAAAAAAAAAAA",
    "FFFFFFFFFFFFFFGG",
    "FFFFFFFFFFFFFFGG",
    "BBBBBBBBBBBBSSSS",
    "BBBBBBBBBBBBSSSS",
    "RRRRFFFFFFFFSSSS",
    "RRRRFFFFFFFFSSSS",
    "GGGGGGGGGGGGSSSS",
    "GGGGGGGGGGGGSSSS",
    "FFFFFFFFFFFFFFFF",
    "FFFFFFFFFFFFFFFF",
    "TTTTTTTTTTTTGGGG",
    "TTTTTTTTTTTTGGGG",
    "TTTTTTTTTTTTGGGG",
    "TTTTTTTTTTTTGGGG"
  ],
  "key": {
    "A": {"width": 1, "height": 1},
    "B": {"width": 1, "height": 2},
    "F": {"width": 2, "height": 1},
    "G": {"width": 2, "height": 2},
    "R": {"width": 4, "height": 2},
    "S": {"width": 4, "height": 3},
    "T": {"width": 4, "height": 4}
  }
}