{
  "type": "subaraki:pattern",
  "name": "massive",
  "pattern": [
    "AAAAAAAAAACCCCCKKKKKKVVVVVVVVVVVVVVVVVVVVjjjjjjjjSSSSSSSSSSSSHH",
    "FFFFFFFFFFCCCCCKKKKKKVVVVVVVVVVVVVVVVVVVVjjjjjjjjSSSSSSSSSSSSHH",
    "FFFFFFFFFFCCCCCOOOOOOVVVVVVVVVVVVVVVVVVVVjjjjjjjjSSSSSSSSSSSSHH",
    "JJJJJJJJJJJJJJJOOOOOOVVVVVVVVVVVVVVVVVVVVjjjjjjjjSSSSSSSSSSSSHH",
    "BBBBBBBBBBGGMMMOOOOOOVVVVVVVVVVVVVVVVVVVVjjjjjjjjSSSSSSSSSSSSHH",
    "BBBBBBBBBBGGMMMOOOOOOVVVVVVVVVVVVVVVVVVVVjjjjjjjjSSSSSSSSSSSSHH",
    "QQQQQQQQQQQQMMMOOOOOOVVVVVVVVVVVVVVVVVVVVjjjjjjjjSSSSSSSSSSSSHH",
    "QQQQQQQQQQQQMMMOOOOOOVVVVVVVVVVVVVVVVVVVVjjjjjjjjSSSSSSSSSSSSHH",
    "XXXXXXXXXXXXXXXOOOOOOVVVVVVVVVVVVVVVVVVVVjjjjjjjjSSSSSSSSSSSSHH",
    "QQQQQQQQQQQQKKKOOOOOOVVVVVVVVVVVVVVVVVVVVjjjjjjjjSSSSSSSSSSSSHH",
    "QQQQQQQQQQQQKKKOOOOOOVVVVVVVVVVVVVVVVVVVVjjjjjjjjSSSSSSSSSSSSHH",
    "LLLLLLLLLLLLLLLOOOOOOVVVVVVVVVVVVVVVVVVVVjjjjjjjjSSSSSSSSSSSSHH",
    "LLLLLLLLLLLLLLLOOOOOOhhhhhhhhmmmmmmmmWWWWWWWWWWWWWWWWaaaaaaaaaa",
    "LLLLLLLLLLLLLLLOOOOOOhhhhhhhhmmmmmmmmWWWWWWWWWWWWWWWWaaaaaaaaaa",
    "TTTTTTTTTTTTKKKKKKbbbbbEbbbbbmmmmmmmmWWWWWWWWWWWWWWWWaaaaaaaaaa",
    "TTTTTTTTTTTTKKKKKKbbbbbEbbbbbmmmmmmmmWWWWWWWWWWWWWWWWaaaaaaaaaa",
    "TTTTTTTTTTTTKKKKKKbbbbbEbbbbbmmmmmmmmWWWWWWWWWWWWWWWWaaaaaaaaaa",
    "TTTTTTTTTTTTKKKKKKbbbbbEbbbbbmmmmmmmmWWWWWWWWWWWWWWWWaaaaaaaaaa",
    "TTTTTTTTTTTTKKKKKKbbbbbEbbbbbmmmmmmmmWWWWWWWWWWWWWWWWaaaaaaaaaa",
    "TTTTTTTTTTTTKKKKKKbbbbbEbbbbbmmmmmmmmWWWWWWWWWWWWWWWWaaaaaaaaaa",
    "TTTTTTTTTTTTKKKKKKbbbbbEbbbbbmmmmmmmmjjjjjjjjjjjjjjjjaaaaaaaaaa",
    "TTTTTTTTTTTTKKKKKKbbbbbEbbbbbmmmmmmmmjjjjjjjjjjjjjjjjaaaaaaaaaa",
    "RRRRRRRRRRRRMMMMMMbbbbbEbbbbbmmmmmmmmjjjjjjjjjjjjjjjjaaaaaaaaaa",
    "RRRRRRRRRRRRMMMMMMbbbbbEbbbbbmmmmmmmmjjjjjjjjjjjjjjjjaaaaaaaaaa",
    "RRRRRRRRRRRRMMMMMMooooooooooDlllllllljjjjjjjjjjjjjjjjaaaaaaaaaa",
    "RRRRRRRRRRRRMMMMMMYYYYYYYYYYDlllllllljjjjjjjjjjjjjjjjaaaaaaaaaa",
    "ccccccccccccccccccYYYYYYYYYYDlllllllljjjjjjjjjjjjjjjjaaaaaaaaaa",
    "ccccccccccccccccccYYYYYYYYYYDlllllllljjjjjjjjjjjjjjjjaaaaaaaaaa",
    "ccccccccccccccccccYYYYYYYYYYDllllllllIIIIIIIIIIIIIIIIpppppppppp",
    "ccccccccccccccccccYYYYYYYYYYDllllllllIIIIIIIIIIIIIIIIpppppppppp",
    "ccccccccccccccccccYYYYYYYYYYDllllllllIIIIIIIIIIIIIIIIpppppppppp",
    "ccccccccccccccccccYYYYYYYYYYDllllllllIIIIIIIIIIIIIIIIpppppppppp",
    "ddddddddddddddddddYYYYYYYYYYHHHHHHHHHHiiiiiiiiHHaaaaapppppppppp",
    "ddddddddddddddddddYYYYYYYYYYHHHHHHHHHHiiiiiiiiHHaaaaapppppppppp",
    "ddddddddddddddddddYYYYYYYYYYHHHHHHHHHHiiiiiiiiHHaaaaapppppppppp",
    "ddddddddddddddddddYYYYYYYYYYNNNNNNNNNNNNNNNYYYYYaaaaapppppppppp",
    "ddddddddddddddddddYYYYYYYYYYNNNNNNNNNNNNNNNYYYYYaaaaapppppppppp",
    "ddddddddddddddddddYYYYYYYYYYNNNNNNNNNNNNNNNYYYYYaaaaapppppppppp",
    "ddddddddddddddddddYYYYYYYYYYNNNNNNNNNNNNNNNYYYYYaaaaaXXXXXXXXXX",
    "ddddddddddddddddddYYYYYYYYYYNNNNNNNNNNNNNNNYYYYYaaaaaoooooooooo",
    "ddddddddddddddddddnnnnnnnnnnnnnnnnnnRRRRRRRRRRRRRRRRRRRRRRRRMMM",
    "ddddddddddddddddddnnnnnnnnnnnnnnnnnnRRRRRRRRRRRRRRRRRRRRRRRRMMM",
    "ddddddddddddddddddnnnnnnnnnnnnnnnnnnRRRRRRRRRRRRRRRRRRRRRRRRMMM",
    "ddddddddddddddddddnnnnnnnnnnnnnnnnnnRRRRRRRRRRRRRRRRRRRRRRRRMMM",
    "eeeeeeeeeeeeeeeeeennnnnnnnnnnnnnnnnnKKKKKKVVVVVVVVVVVVBSSSSSSSS",
    "eeeeeeeeeeeeeeeeeennnnnnnnnnnnnnnnnnKKKKKKVVVVVVVVVVVVBSSSSSSSS",
    "eeeeeeeeeeeeeeeeeennnnnnnnnnnnnnnnnnKKKKKKVVVVVVVVVVVVBSSSSSSSS",
    "eeeeeeeeeeeeeeeeeennnnnnnnnnnnnnnnnnKKKKKKVVVVVVVVVVVVBSSSSSSSS",
    "eeeeeeeeeeeeeeeeeennnnnnnnnnnnnnnnnnKKKKKKVVVVVVVVVVVVBSSSSSSSS",
    "eeeeeeeeeeeeeeeeeennnnnnnnnnnnnnnnnnKKKKKKVVVVVVVVVVVVBSSSSSSSS",
    "eeeeeeeeeeeeeeeeeennnnnnnnnnnnnnnnnnKKKKKKVVVVVVVVVVVVBSSSSSSSS",
    "eeeeeeeeeeeeeeeeeennnnnnnnnnnnnnnnnnKKKKKKVVVVVVVVVVVVBSSSSSSSS",
    "eeeeeeeeeeeeeeeeeeDddddddjjjjjjjjMMMMMMMMMVVVVVVVVVVVVBSSSSSSSS",
    "HHLLLLLLFFFFFFFFFFDddddddjjjjjjjjMMMMMMMMMVVVVVVVVVVVVBSSSSSSSS",
    "HHLLLLLLFFFFFFFFFFDddddddjjjjjjjjMMMMMMMMMVVVVVVVVVVVVBSSSSSSSS",
    "HHLLLLLLAAAAAAAAAADddddddjjjjjjjjMMMMMMMMMVVVVVVVVVVVVBSSSSSSSS",
    "ZZZZZZZZZZZZZZZZZZZZZZZZZhhhhhhhhhhhhhhhhhhhhhhhhhhhhhhhhPPPPPP",
    "ZZZZZZZZZZZZZZZZZZZZZZZZZhhhhhhhhhhhhhhhhhhhhhhhhhhhhhhhhPPPPPP",
    "ZZZZZZZZZZZZZZZZZZZZZZZZZffffffffffffffffffffffffffffUUUUPPPPPP",
    "ZZZZZZZZZZZZZZZZZZZZZZZZZffffffffffffffffffffffffffffUUUUPPPPPP",
    "ZZZZZZZZZZZZZZZZZZZZZZZZZffffffffffffffffffffffffffffUUUUPPPPPP",
    "ZZZZZZZZZZZZZZZZZZZZZZZZZffffffffffffffffffffffffffffUUUUPPPPPP",
    "ZZZZZZZZZZZZZZZZZZZZZZZZZffffffffffffffffffffffffffffUUUUPPPPPP"
  ],
  "key": {
    "A": {"width": 1, "height": 1},
    "B": {"width": 1, "height": 2},
    "C": {"width": 1, "height": 3},
    "D": {"width": 1, "height": 4},
    "E": {"width": 1, "height": 10},
    "F": {"width": 2, "height": 1},
    "G": {"width": 2, "height": 2},
    "H": {"width": 2, "height": 3},
    "I": {"width": 2, "height": 4},
    "J": {"width": 3, "height": 1},
    "K": {"width": 3, "height": 2},
    "L": {"width": 3, "height": 3},
    "M": {"width": 3, "height": 4},
    "N": {"width": 3, "height": 5},
    "O": {"width": 3, "height": 6},
    "P": {"width": 3, "height": 7},
    "Q": {"width": 4, "height": 1},
    "R": {"width": 4, "height": 2},
    "S": {"width": 4, "height": 3},
    "T": {"width": 4, "height": 4},
    "U": {"width": 4, "height": 5},
    "V": {"width": 4, "height": 6},
    "W": {"width": 4, "height": 8},
    "X": {"width": 5, "height": 1},
    "Y": {"width": 5, "height": 5},
    "Z": {"width": 5, "height": 7},
    "a": {"width": 5, "height": 8},
    "b": {"width": 5, "height": 10},
    "c": {"width": 6, "height": 3},
    "d": {"width": 6, "height": 4},
    "e": {"width": 6, "height": 9},
    "f": {"width": 7, "height": 5},
    "h": {"width": 8, "height": 2},
    "i": {"width": 8, "height": 3},
    "j": {"width": 8, "height": 4},
    "l": {"width": 8, "height": 8},
    "m": {"width": 8, "height": 12},
    "n": {"width": 9, "height": 6},
    "o": {"width": 10, "height": 1},
    "p": {"width": 10, "height": 5}
  }
}