{
  "type": "subaraki:pattern",
  "name": "tinypics",
  "pattern": [
    "AAAAAAAAAAAAAAAAAAAAAAAAAAAAAAAA",
    "AAAAAAAAAAAAAAAAAAAAAAAAAAAAAAAA",
    "FFFFFFFFFFFFFFFFFFFFFFFFFFFFFFFF",
    "FFFFFFFFFFFFFFFFFFFFFFFFFFFFFFFF",
    "BBBBBBBBBBBBBBBBBBBBBBBBBBBBBBBB",
    "BBBBBBBBBBBBBBBBBBBBBBBBBBBBBBBB",
    "JJJJJJJJJJJJJJJJJJJJJJJJQQQQQQQQ",
    "JJJJJJJJJJJJJJJJJJJJJJJJQQQQQQQQ",
    "JJJJJJJJJJJJJJJJJJJJJJJJQQQQQQQQ",
    "JJJJJJJJJJJJJJJJJJJJJJJJQQQQQQQQ",
    "CCCCCCCCCCCCCCCCCCCCCCCCCCCCCCCC",
    "CCCCCCCCCCCCCCCCCCCCCCCCCCCCCCCC",
    "CCCCCCCCCCCCCCCCCCCCCCCCCCCCCCCC",
    "GGGGGGGGGGGGGGGGGGGGGGGGGGGGDDDD",
    "GGGGGGGGGGGGGGGGGGGGGGGGGGGGDDDD",
    "GGGGGGGGGGGGGGGGGGGGGGGGGGGGDDDD",
    "GGGGGGGGGGGGGGGGGGGGGGGGGGGGDDDD",
    "KKKKKKKKKKKKKKKKKKKKKKKKRRRRRRRR",
    "KKKKKKKKKKKKKKKKKKKKKKKKRRRRRRRR",
    "KKKKKKKKKKKKKKKKKKKKKKKKRRRRRRRR",
    "KKKKKKKKKKKKKKKKKKKKKKKKRRRRRRRR",
    "HHHHHHHHHHHHHHHHHHHHHHHHHHHHHHHH",
    "HHHHHHHHHHHHHHHHHHHHHHHHHHHHHHHH",
    "HHHHHHHHHHHHHHHHHHHHHHHHHHHHHHHH",
    "IIIIIIIILLLLLLLLLLLLLLLLLLLLLLLL",
    "IIIIIIIILLLLLLLLLLLLLLLLLLLLLLLL",
    "IIIIIIIILLLLLLLLLLLLLLLLLLLLLLLL",
    "IIIIIIIIAAAAGGGGGGGGGGGGGGGGAAAA",
    "TTTTTTTTTTTTGGGGGGGGGGGGGGGGAAAA",
    "TTTTTTTTTTTTSSSSSSSSSSSSSSSSSSSS",
    "TTTTTTTTTTTTSSSSSSSSSSSSSSSSSSSS",
    "TTTTTTTTTTTTSSSSSSSSSSSSSSSSSSSS"
  ],
  "key": {
    "A": {"width": 1, "height": 1},
    "B": {"width": 1, "height": 2},
    "C": {"width": 1, "height": 3},
    "D": {"width": 1, "height": 4},
    "F": {"width": 2, "height": 1},
    "G": {"width": 2, "height": 2},
    "H": {"width": 2, "height": 3},
    "I": {"width": 2, "height": 4},
    "J": {"width": 3, "height": 1},
    "K": {"width": 3, "height": 2},
    "L": {"width": 3, "height": 3},
    "Q": {"width": 4, "height": 1},
    "R": {"width": 4, "height": 2},
    "S": {"width": 4, "height": 3},
    "T": {"width": 4, "height": 4}
  }
}