{
	"credit": "Made with Blockbench",
	"texture_size": [32, 32],
	"textures": {
		"4": "appliedenergistics2:items/tool_base",
		"5": "appliedenergistics2:items/color_applicator_tip_bright",
		"6": "appliedenergistics2:items/color_applicator_tip_dark",
		"7": "appliedenergistics2:items/color_applicator_tip_medium"
	},
	"elements": [
		{
			"from": [7, 0, 10],
			"to": [9, 5, 12],
			"rotation": {"angle": -22.5, "axis": "x", "origin": [8, 5, 10]},
			"faces": {
				"north": {"uv": [3, 6, 4, 8.5], "texture": "#4"},
				"east": {"uv": [1, 6, 2, 8.5], "texture": "#4"},
				"south": {"uv": [2, 6, 3, 8.5], "texture": "#4"},
				"west": {"uv": [0, 6, 1, 8.5], "texture": "#4"},
				"down": {"uv": [4, 7.5, 5, 8.5], "texture": "#4"}
			}
		},
		{
			"from": [6, 5, 8],
			"to": [10, 9, 15],
			"faces": {
				"north": {"uv": [7.5, 4, 9.5, 6], "texture": "#4"},
				"east": {"uv": [0, 0, 3.5, 2], "texture": "#4"},
				"south": {"uv": [7.5, 2, 9.5, 4], "texture": "#4"},
				"west": {"uv": [3.5, 0, 0, 2], "texture": "#4"},
				"up": {"uv": [4, 2, 7.5, 4], "rotation": 90, "texture": "#4"},
				"down": {"uv": [0, 4, 3.5, 6], "rotation": 90, "texture": "#4"}
			}
		},
		{
			"from": [7.5, 3.5, 9.5],
			"to": [8.5, 5.5, 10.5],
			"rotation": {"angle": -22.5, "axis": "x", "origin": [8, 5, 10]},
			"faces": {
				"north": {"uv": [4, 6, 4.5, 7], "texture": "#4"},
				"east": {"uv": [4, 6, 4.5, 7], "texture": "#4"},
				"west": {"uv": [4, 6, 4.5, 7], "texture": "#4"},
				"down": {"uv": [4, 6.5, 4.5, 7], "texture": "#4"}
			}
		},
		{
			"from": [6.5, 6, 9],
			"to": [9.5, 10, 16],
			"rotation": {"angle": 0, "axis": "y", "origin": [0, 0.5, -3]},
			"faces": {
				"north": {"uv": [5, 8.5, 6.5, 10.5], "texture": "#4"},
				"east": {"uv": [0, 12, 3.5, 14], "texture": "#4"},
				"south": {"uv": [3.5, 8.5, 5, 10.5], "texture": "#4", "cullface": "south"},
				"west": {"uv": [0, 8.5, 3.5, 10.5], "texture": "#4"},
				"up": {"uv": [0, 10.5, 3.5, 12], "rotation": 90, "texture": "#4"},
				"down": {"uv": [0, 14, 3.5, 15.5], "rotation": 90, "texture": "#4"}
			}
		},
		{
			"from": [5.5, 4.5, 11],
			"to": [10.5, 9.5, 14],
			"rotation": {"angle": 0, "axis": "y", "origin": [0, 0, 8]},
			"faces": {
				"north": {"uv": [9.5, 7.5, 12, 10], "texture": "#4"},
				"east": {"uv": [9.5, 5, 11, 7.5], "texture": "#4"},
				"south": {"uv": [12, 7.5, 14.5, 10], "texture": "#4"},
				"west": {"uv": [11, 5, 9.5, 7.5], "texture": "#4"},
				"up": {"uv": [11, 5, 12.5, 7.5], "rotation": 90, "texture": "#4"},
				"down": {"uv": [12.5, 5, 14, 7.5], "rotation": 90, "texture": "#4"}
			}
		},
		{
			"from": [13.82843, 6.5, 0.17157],
			"to": [14.82843, 7.5, 1.17157],
			"rotation": {"angle": 0, "axis": "z", "origin": [8, 7, 3.83579]},
			"faces": {
				"north": {"uv": [8.5, 7, 9, 7.5], "rotation": 270, "texture": "#4"},
				"east": {"uv": [8.5, 7, 9, 7.5], "rotation": 270, "texture": "#4"},
				"west": {"uv": [8.5, 7, 9, 7.5], "rotation": 270, "texture": "#4"}
			}
		},
		{
			"from": [1.17157, 6.5, 0.17157],
			"to": [2.17157, 7.5, 1.17157],
			"rotation": {"angle": 0, "axis": "z", "origin": [8, 7, 3.83579]},
			"faces": {
				"north": {"uv": [8.5, 7, 9, 7.5], "rotation": 270, "texture": "#4"},
				"east": {"uv": [8.5, 7, 9, 7.5], "rotation": 270, "texture": "#4"},
				"west": {"uv": [8.5, 7, 9, 7.5], "rotation": 270, "texture": "#4"}
			}
		},
		{
			"from": [1.17157, 5.5, 0.17157],
			"to": [2.17157, 6.5, 4.17157],
			"rotation": {"angle": 0, "axis": "z", "origin": [8, 7, 3.83579]},
			"faces": {
				"north": {"uv": [8, 9, 8.5, 8.5], "texture": "#4"},
				"east": {"uv": [8.5, 8.5, 8, 10.5], "rotation": 90, "texture": "#4"},
				"west": {"uv": [8.5, 8.5, 8, 10.5], "rotation": 270, "texture": "#4"},
				"down": {"uv": [8, 10.5, 8.5, 8.5], "texture": "#4"}
			}
		},
		{
			"from": [0, 5.5, 6],
			"to": [4, 6.5, 7],
			"rotation": {"angle": -45, "axis": "y", "origin": [4, 6, 7]},
			"faces": {
				"north": {"uv": [8, 8.5, 7.5, 10.5], "rotation": 90, "texture": "#4"},
				"south": {"uv": [8, 8.5, 7.5, 10.5], "rotation": 270, "texture": "#4"},
				"down": {"uv": [8, 8.5, 7.5, 10.5], "rotation": 270, "texture": "#4"}
			}
		},
		{
			"from": [4, 5.5, 6],
			"to": [7, 6.5, 7],
			"rotation": {"angle": 0, "axis": "z", "origin": [8, 7, 3.83579]},
			"faces": {
				"north": {"uv": [9, 9, 8.5, 10.5], "rotation": 90, "texture": "#4"},
				"south": {"uv": [9, 9, 8.5, 10.5], "rotation": 270, "texture": "#4"},
				"down": {"uv": [9, 9, 8.5, 10.5], "rotation": 270, "texture": "#4"}
			}
		},
		{
			"from": [9, 5.5, 6],
			"to": [12, 6.5, 7],
			"rotation": {"angle": 0, "axis": "z", "origin": [8, 7, 3.83579]},
			"faces": {
				"north": {"uv": [9.5, 9, 9, 10.5], "rotation": 90, "texture": "#4"},
				"south": {"uv": [9.5, 9, 9, 10.5], "rotation": 270, "texture": "#4"},
				"down": {"uv": [9.5, 9, 9, 10.5], "rotation": 270, "texture": "#4"}
			}
		},
		{
			"from": [12, 5.5, 6],
			"to": [16, 6.5, 7],
			"rotation": {"angle": 45, "axis": "y", "origin": [12, 6, 7]},
			"faces": {
				"north": {"uv": [7, 8.5, 6.5, 10.5], "rotation": 90, "texture": "#4"},
				"south": {"uv": [7, 8.5, 6.5, 10.5], "rotation": 270, "texture": "#4"},
				"down": {"uv": [7, 8.5, 6.5, 10.5], "rotation": 270, "texture": "#4"}
			}
		},
		{
			"from": [13.82843, 5.5, 0.17157],
			"to": [14.82843, 6.5, 4.17157],
			"rotation": {"angle": 0, "axis": "z", "origin": [8, 7, 3.83579]},
			"faces": {
				"north": {"uv": [7, 10.5, 7.5, 10], "texture": "#4"},
				"east": {"uv": [7.5, 8.5, 7, 10.5], "rotation": 270, "texture": "#4"},
				"west": {"uv": [7.5, 8.5, 7, 10.5], "rotation": 90, "texture": "#4"},
				"down": {"uv": [7, 8.5, 7.5, 10.5], "texture": "#4"}
			}
		},
		{
			"from": [13.82843, 7.5, 0.17157],
			"to": [14.82843, 8.5, 4.17157],
			"rotation": {"angle": 0, "axis": "z", "origin": [8, 7, 3.83579]},
			"faces": {
				"north": {"uv": [7, 8, 7.5, 8.5], "texture": "#4"},
				"east": {"uv": [7, 6.5, 7.5, 8.5], "rotation": 270, "texture": "#4"},
				"west": {"uv": [7, 6.5, 7.5, 8.5], "rotation": 90, "texture": "#4"},
				"up": {"uv": [7, 8.5, 7.5, 6.5], "texture": "#4"}
			}
		},
		{
			"from": [9, 7.5, 6],
			"to": [12, 8.5, 7],
			"rotation": {"angle": 0, "axis": "z", "origin": [8, 7, 3.83579]},
			"faces": {
				"north": {"uv": [8, 7, 8.5, 8.5], "rotation": 90, "texture": "#4"},
				"south": {"uv": [8, 7, 8.5, 8.5], "rotation": 270, "texture": "#4"},
				"up": {"uv": [8, 7, 8.5, 8.5], "rotation": 270, "texture": "#4"}
			}
		},
		{
			"from": [12, 7.5, 6],
			"to": [16, 8.5, 7],
			"rotation": {"angle": 45, "axis": "y", "origin": [12, 8, 7]},
			"faces": {
				"north": {"uv": [7.5, 6.5, 8, 8.5], "rotation": 90, "texture": "#4"},
				"south": {"uv": [7.5, 6.5, 8, 8.5], "rotation": 270, "texture": "#4"},
				"up": {"uv": [7.5, 6.5, 8, 8.5], "rotation": 270, "texture": "#4"}
			}
		},
		{
			"from": [0, 7.5, 6],
			"to": [4, 8.5, 7],
			"rotation": {"angle": -45, "axis": "y", "origin": [4, 8, 7]},
			"faces": {
				"north": {"uv": [6.5, 6.5, 7, 8.5], "rotation": 90, "texture": "#4"},
				"south": {"uv": [6.5, 6.5, 7, 8.5], "rotation": 270, "texture": "#4"},
				"up": {"uv": [6.5, 6.5, 7, 8.5], "rotation": 270, "texture": "#4"}
			}
		},
		{
			"from": [4, 7.5, 6],
			"to": [7, 8.5, 7],
			"rotation": {"angle": 0, "axis": "z", "origin": [8, 7, 3.83579]},
			"faces": {
				"north": {"uv": [4.5, 6, 5, 7.5], "rotation": 90, "texture": "#4"},
				"south": {"uv": [4.5, 6, 5, 7.5], "rotation": 270, "texture": "#4"},
				"up": {"uv": [4.5, 6, 5, 7.5], "rotation": 270, "texture": "#4"}
			}
		},
		{
			"from": [1.17157, 7.5, 0.17157],
			"to": [2.17157, 8.5, 4.17157],
			"rotation": {"angle": 0, "axis": "z", "origin": [8, 7, 3.83579]},
			"faces": {
				"north": {"uv": [6, 6.5, 6.5, 7], "texture": "#4"},
				"east": {"uv": [6, 6.5, 6.5, 8.5], "rotation": 90, "texture": "#4"},
				"west": {"uv": [6, 6.5, 6.5, 8.5], "rotation": 270, "texture": "#4"},
				"up": {"uv": [6, 6.5, 6.5, 8.5], "texture": "#4"}
			}
		},
		{
			"from": [2, 6, 1.18],
			"to": [3, 8, 2.18],
			"rotation": {"angle": 0, "axis": "z", "origin": [8, 7, 4]},
			"faces": {
				"north": {"uv": [6, 6, 5.5, 7], "texture": "#4"},
				"east": {"uv": [6, 6, 5.5, 7], "texture": "#4"},
				"south": {"uv": [6, 6, 5.5, 7], "texture": "#4"},
				"up": {"uv": [6, 6, 5.5, 6.5], "texture": "#4"},
				"down": {"uv": [6, 6.5, 5.5, 7], "texture": "#4"}
			}
		},
		{
			"from": [13, 6, 1.18],
			"to": [14, 8, 2.18],
			"rotation": {"angle": 0, "axis": "z", "origin": [8, 7, 4]},
			"faces": {
				"north": {"uv": [5.5, 7, 6, 8], "texture": "#4"},
				"south": {"uv": [5.5, 7, 6, 8], "texture": "#4"},
				"west": {"uv": [5.5, 7, 6, 8], "texture": "#4"},
				"up": {"uv": [5.5, 7, 6, 7.5], "texture": "#4"},
				"down": {"uv": [5.5, 7.5, 6, 8], "texture": "#4"}
			}
		},
		{
			"from": [7, 7.5, 6],
			"to": [9, 8.5, 8],
			"rotation": {"angle": 0, "axis": "z", "origin": [8, 7, 3.83579]},
			"faces": {
				"north": {"uv": [8.5, 7, 9, 8], "rotation": 90, "texture": "#4"},
				"east": {"uv": [9.5, 7.5, 8.5, 8], "texture": "#4"},
				"west": {"uv": [8.5, 7, 9.5, 7.5], "texture": "#4"},
				"up": {"uv": [9.5, 7, 8.5, 8], "rotation": 270, "texture": "#4"}
			}
		},
		{
			"from": [7, 6.5, 6],
			"to": [9, 7.5, 8],
			"rotation": {"angle": 0, "axis": "z", "origin": [8, 7, 3.83579]},
			"faces": {
				"north": {"uv": [0, 2, 1, 4], "rotation": 90, "texture": "#4", "tintindex": 3},
				"east": {"uv": [7, 6, 8, 6.5], "texture": "#4", "tintindex": 2},
				"west": {"uv": [7, 6, 8, 6.5], "texture": "#4", "tintindex": 2}
			}
		},
		{
			"from": [7, 5.5, 6],
			"to": [9, 6.5, 8],
			"rotation": {"angle": 0, "axis": "z", "origin": [8, 7, 3.83579]},
			"faces": {
				"north": {"uv": [9, 8, 9.5, 9], "rotation": 90, "texture": "#4"},
				"east": {"uv": [8.5, 8.5, 9.5, 9], "texture": "#4"},
				"west": {"uv": [9.5, 8, 8.5, 8.5], "texture": "#4"},
				"down": {"uv": [9.5, 8, 8.5, 9], "rotation": 270, "texture": "#4"}
			}
		},
		{
			"from": [4, 6.5, 6],
			"to": [7, 7.5, 7],
			"rotation": {"angle": 0, "axis": "z", "origin": [8, 7, 3.83579]},
			"faces": {
				"north": {"uv": [4, 5, 5, 2], "rotation": 90, "texture": "#5", "tintindex": 1},
				"east": {"uv": [0.5, 0, 0, 0.5], "texture": "#5", "tintindex": 2},
				"south": {"uv": [4, 5, 5, 2], "rotation": 270, "texture": "#5", "tintindex": 1},
				"west": {"uv": [0.5, 0, 0, 0.5], "texture": "#5", "tintindex": 2},
				"up": {"uv": [0, 1.5, 0.5, 0], "rotation": 270, "texture": "#5", "tintindex": 2},
				"down": {"uv": [0, 1.5, 0.5, 0], "rotation": 270, "texture": "#5", "tintindex": 2}
			}
		},
		{
			"from": [0, 6.5, 6],
			"to": [4, 7.5, 7],
			"rotation": {"angle": -45, "axis": "y", "origin": [4, 8, 7]},
			"faces": {
				"north": {"uv": [5, 6, 6, 2], "rotation": 90, "texture": "#5", "tintindex": 1},
				"east": {"uv": [0.5, 0, 0, 0.5], "texture": "#5", "tintindex": 2},
				"south": {"uv": [5, 6, 6, 2], "rotation": 270, "texture": "#5", "tintindex": 1},
				"west": {"uv": [0.5, 0, 0, 0.5], "texture": "#5", "tintindex": 2},
				"up": {"uv": [0, 2, 0.5, 0], "rotation": 270, "texture": "#5", "tintindex": 2},
				"down": {"uv": [0, 2, 0.5, 0], "rotation": 270, "texture": "#5", "tintindex": 2}
			}
		},
		{
			"from": [1.17157, 6.5, 1.17157],
			"to": [2.17157, 7.5, 4.17157],
			"rotation": {"angle": 0, "axis": "z", "origin": [8, 7, 3.83579]},
			"faces": {
				"north": {"uv": [0.5, 0, 0, 0.5], "texture": "#5", "tintindex": 2},
				"east": {"uv": [6, 5, 7, 2], "rotation": 90, "texture": "#5", "tintindex": 1},
				"south": {"uv": [0.5, 0, 0, 0.5], "texture": "#5", "tintindex": 2},
				"west": {"uv": [6, 5, 7, 2], "rotation": 270, "texture": "#5", "tintindex": 1},
				"up": {"uv": [0.5, 0, 0, 2], "texture": "#5", "tintindex": 2},
				"down": {"uv": [0.5, 0, 0, 2], "rotation": 180, "texture": "#5", "tintindex": 2}
			}
		},
		{
			"from": [3, 6, 1.68],
			"to": [13, 8, 1.68],
			"rotation": {"angle": 0, "axis": "z", "origin": [8, 7, 4]},
			"faces": {
				"north": {"uv": [0, 0, 10, 2], "texture": "#5", "tintindex": 1},
				"east": {"uv": [0, 0, 1, 0], "rotation": 270, "texture": "#5"},
				"south": {"uv": [10, 0, 0, 2], "texture": "#5", "tintindex": 1},
				"west": {"uv": [0, 0, 1, 0], "rotation": 90, "texture": "#5"},
				"up": {"uv": [0, 0, 5, 0], "texture": "#5"},
				"down": {"uv": [0.5, 0, 0, 2], "rotation": 180, "texture": "#5"}
			}
		},
		{
			"from": [9, 6.5, 6],
			"to": [12, 7.5, 7],
			"rotation": {"angle": 0, "axis": "z", "origin": [8, 7, 3.83579]},
			"faces": {
				"north": {"uv": [1, 2, 2, 5], "rotation": 90, "texture": "#5", "tintindex": 1},
				"east": {"uv": [0, 0, 0.5, 0.5], "texture": "#5", "tintindex": 2},
				"south": {"uv": [1, 2, 2, 5], "rotation": 270, "texture": "#5", "tintindex": 1},
				"west": {"uv": [0, 0, 0.5, 0.5], "texture": "#5", "tintindex": 2},
				"up": {"uv": [0, 0, 0.5, 1.5], "rotation": 270, "texture": "#5", "tintindex": 2},
				"down": {"uv": [0, 0, 0.5, 1.5], "rotation": 270, "texture": "#5", "tintindex": 2}
			}
		},
		{
			"from": [12, 6.5, 6],
			"to": [16, 7.5, 7],
			"rotation": {"angle": 45, "axis": "y", "origin": [12, 8, 7]},
			"faces": {
				"north": {"uv": [2, 2, 3, 6], "rotation": 90, "texture": "#5", "tintindex": 1},
				"east": {"uv": [0, 0, 0.5, 0.5], "texture": "#5", "tintindex": 2},
				"south": {"uv": [2, 2, 3, 6], "rotation": 270, "texture": "#5", "tintindex": 1},
				"west": {"uv": [0, 0, 0.5, 0.5], "texture": "#5", "tintindex": 2},
				"up": {"uv": [0, 0, 0.5, 2], "rotation": 270, "texture": "#5", "tintindex": 2},
				"down": {"uv": [0, 0, 0.5, 2], "rotation": 270, "texture": "#5", "tintindex": 2}
			}
		},
		{
			"from": [13.82843, 6.5, 1.17157],
			"to": [14.82843, 7.5, 4.17157],
			"rotation": {"angle": 0, "axis": "z", "origin": [8, 7, 3.83579]},
			"faces": {
				"north": {"uv": [0, 0, 0.5, 0.5], "texture": "#5"},
				"east": {"uv": [3, 2, 4, 5], "rotation": 270, "texture": "#5", "tintindex": 1},
				"south": {"uv": [0, 0, 0.5, 0.5], "texture": "#5"},
				"west": {"uv": [3, 2, 4, 5], "rotation": 90, "texture": "#5", "tintindex": 1},
				"up": {"uv": [0, 0, 0.5, 2], "texture": "#5"},
				"down": {"uv": [0, 0, 0.5, 2], "rotation": 180, "texture": "#5"}
			}
		},
		{
			"from": [4, 6.5, 6],
			"to": [7, 7.5, 7],
			"rotation": {"angle": 0, "axis": "z", "origin": [8, 7, 3.83579]},
			"faces": {
				"north": {"uv": [4, 5, 5, 2], "rotation": 90, "texture": "#7", "tintindex": 2},
				"east": {"uv": [0.5, 0, 0, 0.5], "texture": "#7", "tintindex": 2},
				"south": {"uv": [4, 5, 5, 2], "rotation": 270, "texture": "#7", "tintindex": 2},
				"west": {"uv": [0.5, 0, 0, 0.5], "texture": "#7", "tintindex": 2},
				"up": {"uv": [0, 1.5, 0.5, 0], "rotation": 270, "texture": "#7", "tintindex": 2},
				"down": {"uv": [0, 1.5, 0.5, 0], "rotation": 270, "texture": "#7", "tintindex": 2}
			}
		},
		{
			"from": [0, 6.5, 6],
			"to": [4, 7.5, 7],
			"rotation": {"angle": -45, "axis": "y", "origin": [4, 8, 7]},
			"faces": {
				"north": {"uv": [5, 6, 6, 2], "rotation": 90, "texture": "#7", "tintindex": 2},
				"east": {"uv": [0.5, 0, 0, 0.5], "texture": "#7", "tintindex": 2},
				"south": {"uv": [5, 6, 6, 2], "rotation": 270, "texture": "#7", "tintindex": 2},
				"west": {"uv": [0.5, 0, 0, 0.5], "texture": "#7", "tintindex": 2},
				"up": {"uv": [0, 2, 0.5, 0], "rotation": 270, "texture": "#7", "tintindex": 2},
				"down": {"uv": [0, 2, 0.5, 0], "rotation": 270, "texture": "#7", "tintindex": 2}
			}
		},
		{
			"from": [1.17157, 6.5, 1.17157],
			"to": [2.17157, 7.5, 4.17157],
			"rotation": {"angle": 0, "axis": "z", "origin": [8, 7, 3.83579]},
			"faces": {
				"north": {"uv": [0.5, 0, 0, 0.5], "texture": "#7", "tintindex": 2},
				"east": {"uv": [6, 5, 7, 2], "rotation": 90, "texture": "#7", "tintindex": 2},
				"south": {"uv": [0.5, 0, 0, 0.5], "texture": "#7", "tintindex": 2},
				"west": {"uv": [6, 5, 7, 2], "rotation": 270, "texture": "#7", "tintindex": 2},
				"up": {"uv": [0.5, 0, 0, 2], "texture": "#7", "tintindex": 2},
				"down": {"uv": [0.5, 0, 0, 2], "rotation": 180, "texture": "#7", "tintindex": 2}
			}
		},
		{
			"from": [3, 6, 1.68],
			"to": [13, 8, 1.68],
			"rotation": {"angle": 0, "axis": "z", "origin": [8, 7, 4]},
			"faces": {
				"north": {"uv": [0, 0, 10, 2], "texture": "#7", "tintindex": 2},
				"east": {"uv": [0, 0, 1, 0], "rotation": 270, "texture": "#7"},
				"south": {"uv": [10, 0, 0, 2], "texture": "#7", "tintindex": 2},
				"west": {"uv": [0, 0, 1, 0], "rotation": 90, "texture": "#7"},
				"up": {"uv": [0, 0, 5, 0], "texture": "#7"},
				"down": {"uv": [0.5, 0, 0, 2], "rotation": 180, "texture": "#7"}
			}
		},
		{
			"from": [9, 6.5, 6],
			"to": [12, 7.5, 7],
			"rotation": {"angle": 0, "axis": "z", "origin": [8, 7, 3.83579]},
			"faces": {
				"north": {"uv": [1, 2, 2, 5], "rotation": 90, "texture": "#7", "tintindex": 2},
				"east": {"uv": [0, 0, 0.5, 0.5], "texture": "#7", "tintindex": 2},
				"south": {"uv": [1, 2, 2, 5], "rotation": 270, "texture": "#7", "tintindex": 2},
				"west": {"uv": [0, 0, 0.5, 0.5], "texture": "#7", "tintindex": 2},
				"up": {"uv": [0, 0, 0.5, 1.5], "rotation": 270, "texture": "#7", "tintindex": 2},
				"down": {"uv": [0, 0, 0.5, 1.5], "rotation": 270, "texture": "#7", "tintindex": 2}
			}
		},
		{
			"from": [12, 6.5, 6],
			"to": [16, 7.5, 7],
			"rotation": {"angle": 45, "axis": "y", "origin": [12, 8, 7]},
			"faces": {
				"north": {"uv": [2, 2, 3, 6], "rotation": 90, "texture": "#7", "tintindex": 2},
				"east": {"uv": [0, 0, 0.5, 0.5], "texture": "#7", "tintindex": 2},
				"south": {"uv": [2, 2, 3, 6], "rotation": 270, "texture": "#7", "tintindex": 2},
				"west": {"uv": [0, 0, 0.5, 0.5], "texture": "#7", "tintindex": 2},
				"up": {"uv": [0, 0, 0.5, 2], "rotation": 270, "texture": "#7", "tintindex": 2},
				"down": {"uv": [0, 0, 0.5, 2], "rotation": 270, "texture": "#7", "tintindex": 2}
			}
		},
		{
			"from": [13.82843, 6.5, 1.17157],
			"to": [14.82843, 7.5, 4.17157],
			"rotation": {"angle": 0, "axis": "z", "origin": [8, 7, 3.83579]},
			"faces": {
				"north": {"uv": [0, 0, 0.5, 0.5], "texture": "#7"},
				"east": {"uv": [3, 2, 4, 5], "rotation": 270, "texture": "#7", "tintindex": 2},
				"south": {"uv": [0, 0, 0.5, 0.5], "texture": "#7"},
				"west": {"uv": [3, 2, 4, 5], "rotation": 90, "texture": "#7", "tintindex": 2},
				"up": {"uv": [0, 0, 0.5, 2], "texture": "#7"},
				"down": {"uv": [0, 0, 0.5, 2], "rotation": 180, "texture": "#7"}
			}
		},
		{
			"from": [4, 6.5, 6],
			"to": [7, 7.5, 7],
			"rotation": {"angle": 0, "axis": "z", "origin": [8, 7, 3.83579]},
			"faces": {
				"north": {"uv": [4, 5, 5, 2], "rotation": 90, "texture": "#6", "tintindex": 3},
				"east": {"uv": [0.5, 0, 0, 0.5], "texture": "#6", "tintindex": 2},
				"south": {"uv": [4, 5, 5, 2], "rotation": 270, "texture": "#6", "tintindex": 3},
				"west": {"uv": [0.5, 0, 0, 0.5], "texture": "#6", "tintindex": 2},
				"up": {"uv": [0, 1.5, 0.5, 0], "rotation": 270, "texture": "#6", "tintindex": 2},
				"down": {"uv": [0, 1.5, 0.5, 0], "rotation": 270, "texture": "#6", "tintindex": 2}
			}
		},
		{
			"from": [0, 6.5, 6],
			"to": [4, 7.5, 7],
			"rotation": {"angle": -45, "axis": "y", "origin": [4, 8, 7]},
			"faces": {
				"north": {"uv": [5, 6, 6, 2], "rotation": 90, "texture": "#6", "tintindex": 3},
				"east": {"uv": [0.5, 0, 0, 0.5], "texture": "#6", "tintindex": 2},
				"south": {"uv": [5, 6, 6, 2], "rotation": 270, "texture": "#6", "tintindex": 3},
				"west": {"uv": [0.5, 0, 0, 0.5], "texture": "#6", "tintindex": 2},
				"up": {"uv": [0, 2, 0.5, 0], "rotation": 270, "texture": "#6", "tintindex": 2},
				"down": {"uv": [0, 2, 0.5, 0], "rotation": 270, "texture": "#6", "tintindex": 2}
			}
		},
		{
			"from": [1.17157, 6.5, 1.17157],
			"to": [2.17157, 7.5, 4.17157],
			"rotation": {"angle": 0, "axis": "z", "origin": [8, 7, 3.83579]},
			"faces": {
				"north": {"uv": [0.5, 0, 0, 0.5], "texture": "#6", "tintindex": 2},
				"east": {"uv": [6, 5, 7, 2], "rotation": 90, "texture": "#6", "tintindex": 3},
				"south": {"uv": [0.5, 0, 0, 0.5], "texture": "#6", "tintindex": 2},
				"west": {"uv": [6, 5, 7, 2], "rotation": 270, "texture": "#6", "tintindex": 3},
				"up": {"uv": [0.5, 0, 0, 2], "texture": "#6", "tintindex": 2},
				"down": {"uv": [0.5, 0, 0, 2], "rotation": 180, "texture": "#6", "tintindex": 2}
			}
		},
		{
			"from": [3, 6, 1.68],
			"to": [13, 8, 1.68],
			"rotation": {"angle": 0, "axis": "z", "origin": [8, 7, 4]},
			"faces": {
				"north": {"uv": [0, 0, 10, 2], "texture": "#6", "tintindex": 3},
				"east": {"uv": [0, 0, 1, 0], "rotation": 270, "texture": "#6"},
				"south": {"uv": [10, 0, 0, 2], "texture": "#6", "tintindex": 3},
				"west": {"uv": [0, 0, 1, 0], "rotation": 90, "texture": "#6"},
				"up": {"uv": [0, 0, 5, 0], "texture": "#6"},
				"down": {"uv": [0.5, 0, 0, 2], "rotation": 180, "texture": "#6"}
			}
		},
		{
			"from": [9, 6.5, 6],
			"to": [12, 7.5, 7],
			"rotation": {"angle": 0, "axis": "z", "origin": [8, 7, 3.83579]},
			"faces": {
				"north": {"uv": [1, 2, 2, 5], "rotation": 90, "texture": "#6", "tintindex": 3},
				"east": {"uv": [0, 0, 0.5, 0.5], "texture": "#6", "tintindex": 2},
				"south": {"uv": [1, 2, 2, 5], "rotation": 270, "texture": "#6", "tintindex": 3},
				"west": {"uv": [0, 0, 0.5, 0.5], "texture": "#6", "tintindex": 2},
				"up": {"uv": [0, 0, 0.5, 1.5], "rotation": 270, "texture": "#6", "tintindex": 2},
				"down": {"uv": [0, 0, 0.5, 1.5], "rotation": 270, "texture": "#6", "tintindex": 2}
			}
		},
		{
			"from": [12, 6.5, 6],
			"to": [16, 7.5, 7],
			"rotation": {"angle": 45, "axis": "y", "origin": [12, 8, 7]},
			"faces": {
				"north": {"uv": [2, 2, 3, 6], "rotation": 90, "texture": "#6", "tintindex": 3},
				"east": {"uv": [0, 0, 0.5, 0.5], "texture": "#6", "tintindex": 2},
				"south": {"uv": [2, 2, 3, 6], "rotation": 270, "texture": "#6", "tintindex": 3},
				"west": {"uv": [0, 0, 0.5, 0.5], "texture": "#6", "tintindex": 2},
				"up": {"uv": [0, 0, 0.5, 2], "rotation": 270, "texture": "#6", "tintindex": 2},
				"down": {"uv": [0, 0, 0.5, 2], "rotation": 270, "texture": "#6", "tintindex": 2}
			}
		},
		{
			"from": [13.82843, 6.5, 1.17157],
			"to": [14.82843, 7.5, 4.17157],
			"rotation": {"angle": 0, "axis": "z", "origin": [8, 7, 3.83579]},
			"faces": {
				"north": {"uv": [0, 0, 0.5, 0.5], "texture": "#6"},
				"east": {"uv": [3, 2, 4, 5], "rotation": 270, "texture": "#6", "tintindex": 3},
				"south": {"uv": [0, 0, 0.5, 0.5], "texture": "#6"},
				"west": {"uv": [3, 2, 4, 5], "rotation": 90, "texture": "#6", "tintindex": 3},
				"up": {"uv": [0, 0, 0.5, 2], "texture": "#6"},
				"down": {"uv": [0, 0, 0.5, 2], "rotation": 180, "texture": "#6"}
			}
		}
	],
	"display": {
		"thirdperson_righthand": {
			"translation": [0, 2.25, -2],
			"scale": [0.6, 0.6, 0.6]
		},
		"thirdperson_lefthand": {
			"translation": [0, 2.25, -2],
			"scale": [0.6, 0.6, 0.6]
		},
		"firstperson_righthand": {
			"translation": [0, 0, -2.5],
			"scale": [0.8, 0.8, 0.8]
		},
		"firstperson_lefthand": {
			"translation": [0, 0, -2.5],
			"scale": [0.8, 0.8, 0.8]
		},
		"ground": {
			"scale": [0.4, 0.4, 0.4]
		},
		"gui": {
			"rotation": [30, 225, 0],
			"translation": [-1.25, 0.5, 0],
			"scale": [0.8, 0.8, 0.8]
		},
		"fixed": {
			"rotation": [0, 90, 0],
			"translation": [0, 0, -1.5]
		}
	},
	"groups": [
		0,
		1,
		2,
		3,
		4,
		5,
		6,
		7,
		8,
		9,
		10,
		11,
		12,
		13,
		14,
		15,
		16,
		17,
		18,
		19,
		20,
		21,
		22,
		23,
		{
			"name": "tint",
			"origin": [7, 0.17157, 4.17157],
			"color": 0,
			"children": [
				{
					"name": "bright",
					"origin": [8, 7, 3.83579],
					"color": 0,
					"children": [24, 25, 26, 27, 28, 29, 30]
				},
				{
					"name": "medium",
					"origin": [8, 7, 3.83579],
					"color": 0,
					"children": [31, 32, 33, 34, 35, 36, 37]
				},
				{
					"name": "dark",
					"origin": [8, 7, 3.83579],
					"color": 0,
					"children": [38, 39, 40, 41, 42, 43, 44]
				}
			]
		}
	]
}