{
	"textures": {
		"particle": "blocks/rail_golden_powered",
		"texture": "blocks/rail_golden_powered",
		"rail_golden_powered": "blocks/rail_golden_powered"
	},
	"elements": [ 	 
		{
			"__comment": "Box31",
			"from": [ 0.9994331, -0.0002669002, 1.000448 ],
			"to": [ 14.99943, 0.9997331, 3.000448 ],
			"faces": {
				"down": { "uv": [ 1, 3, 15, 1 ], "texture": "#rail_golden_powered" },
				"up": { "uv": [ 1, 1, 15, 3 ], "texture": "#rail_golden_powered" },
				"north": { "uv": [ 15, 1, 1, 2 ], "texture": "#rail_golden_powered" },
				"south": { "uv": [ 1, 2, 15, 3 ], "texture": "#rail_golden_powered" },
				"west": { "uv": [ 1, 1, 2, 3 ], "texture": "#rail_golden_powered", "rotation": 270 },
				"east": { "uv": [ 15, 3, 14, 1 ], "texture": "#rail_golden_powered", "rotation": 270 }
			}
		},
		{
			"__comment": "Box32",
			"from": [ 0.9995264, 0.0002009483, 5.000211 ],
			"to": [ 14.99953, 1.000201, 7.000211 ],
			"faces": {
				"down": { "uv": [ 1, 7, 15, 5 ], "texture": "#rail_golden_powered" },
				"up": { "uv": [ 1, 5, 15, 7 ], "texture": "#rail_golden_powered" },
				"north": { "uv": [ 15, 5, 1, 6 ], "texture": "#rail_golden_powered" },
				"south": { "uv": [ 1, 6, 15, 7 ], "texture": "#rail_golden_powered" },
				"west": { "uv": [ 1, 5, 2, 7 ], "texture": "#rail_golden_powered", "rotation": 270 },
				"east": { "uv": [ 15, 7, 14, 5 ], "texture": "#rail_golden_powered", "rotation": 270 }
			}
		},
		{
			"__comment": "Box33",
			"from": [ 0.99957, 0.0003716116, 8.999197 ],
			"to": [ 14.99957, 1.000372, 10.9992 ],
			"faces": {
				"down": { "uv": [ 1, 11, 15, 9 ], "texture": "#rail_golden_powered" },
				"up": { "uv": [ 1, 9, 15, 11 ], "texture": "#rail_golden_powered" },
				"north": { "uv": [ 15, 9, 1, 10 ], "texture": "#rail_golden_powered" },
				"south": { "uv": [ 1, 10, 15, 11 ], "texture": "#rail_golden_powered" },
				"west": { "uv": [ 1, 9, 2, 11 ], "texture": "#rail_golden_powered", "rotation": 270 },
				"east": { "uv": [ 15, 11, 14, 9 ], "texture": "#rail_golden_powered", "rotation": 270 }
			}
		},
		{
			"__comment": "Box34",
			"from": [ 1.000278, -0.0007433045, 13.0009 ],
			"to": [ 15.00028, 0.9992567, 15.0009 ],
			"faces": {
				"down": { "uv": [ 1, 15, 15, 13 ], "texture": "#rail_golden_powered" },
				"up": { "uv": [ 1, 13, 15, 15 ], "texture": "#rail_golden_powered" },
				"north": { "uv": [ 15, 13, 1, 14 ], "texture": "#rail_golden_powered" },
				"south": { "uv": [ 1, 14, 15, 15 ], "texture": "#rail_golden_powered" },
				"west": { "uv": [ 1, 13, 2, 15 ], "texture": "#rail_golden_powered", "rotation": 270 },
				"east": { "uv": [ 15, 15, 14, 13 ], "texture": "#rail_golden_powered", "rotation": 270 }
			}
		},
		{
			"__comment": "Box35",
			"from": [ 2.000849, -0.0009284036, 0.0008607848 ],
			"to": [ 5.000849, 0.9990716, 16.00086 ],
			"faces": {
				"down": { "uv": [ 2, 16, 5, 0 ], "texture": "#rail_golden_powered" },
				"up": { "uv": [ 2, 0, 5, 16 ], "texture": "#rail_golden_powered" },
				"north": { "uv": [ 5, 0, 2, 1 ], "texture": "#rail_golden_powered" },
				"south": { "uv": [ 2, 15, 5, 16 ], "texture": "#rail_golden_powered" },
				"west": { "uv": [ 2, 0, 3, 16 ], "texture": "#rail_golden_powered", "rotation": 270 },
				"east": { "uv": [ 5, 16, 4, 0 ], "texture": "#rail_golden_powered", "rotation": 270 }
			}
		},
		{
			"__comment": "Box36",
			"from": [ 6.99985, 0.0004570923, 3.000121 ],
			"to": [ 8.99985, 1.000457, 13.00012 ],
			"faces": {
				"down": { "uv": [ 7, 13, 9, 3 ], "texture": "#rail_golden_powered" },
				"up": { "uv": [ 7, 3, 9, 13 ], "texture": "#rail_golden_powered" },
				"north": { "uv": [ 9, 3, 7, 4 ], "texture": "#rail_golden_powered" },
				"south": { "uv": [ 7, 12, 9, 13 ], "texture": "#rail_golden_powered" },
				"west": { "uv": [ 7, 3, 8, 13 ], "texture": "#rail_golden_powered", "rotation": 270 },
				"east": { "uv": [ 9, 13, 8, 3 ], "texture": "#rail_golden_powered", "rotation": 270 }
			}
		},
		{
			"__comment": "Box37",
			"from": [ 10.99969, 0.0009555778, 0.0009104159 ],
			"to": [ 13.99969, 1.000956, 16.00091 ],
			"faces": {
				"down": { "uv": [ 11, 16, 14, 0 ], "texture": "#rail_golden_powered" },
				"up": { "uv": [ 11, 0, 14, 16 ], "texture": "#rail_golden_powered" },
				"north": { "uv": [ 14, 0, 11, 1 ], "texture": "#rail_golden_powered" },
				"south": { "uv": [ 11, 15, 14, 16 ], "texture": "#rail_golden_powered" },
				"west": { "uv": [ 11, 0, 12, 16 ], "texture": "#rail_golden_powered", "rotation": 270 },
				"east": { "uv": [ 14, 16, 13, 0 ], "texture": "#rail_golden_powered", "rotation": 270 }
			}
		}
	]
}