{
	"textures": {
		"particle": "blocks/rail_golden",
		"texture": "blocks/rail_golden",
		"rail_golden": "blocks/rail_golden"
	},
	"elements": [ 	 
		{
			"__comment": "Box24",
			"from": [ 0.9997839, -0.0009039467, 1.000053 ],
			"to": [ 14.99978, 0.999096, 3.000053 ],
			"faces": {
				"down": { "uv": [ 1, 3, 15, 1 ], "texture": "#rail_golden" },
				"up": { "uv": [ 1, 1, 15, 3 ], "texture": "#rail_golden" },
				"north": { "uv": [ 15, 1, 1, 2 ], "texture": "#rail_golden" },
				"south": { "uv": [ 1, 2, 15, 3 ], "texture": "#rail_golden" },
				"west": { "uv": [ 1, 1, 2, 3 ], "texture": "#rail_golden", "rotation": 270 },
				"east": { "uv": [ 15, 3, 14, 1 ], "texture": "#rail_golden", "rotation": 270 }
			}
		},
		{
			"__comment": "Box25",
			"from": [ 0.9998965, 6.065599E-05, 5.000344 ],
			"to": [ 14.9999, 1.000061, 7.000344 ],
			"faces": {
				"down": { "uv": [ 1, 7, 15, 5 ], "texture": "#rail_golden" },
				"up": { "uv": [ 1, 5, 15, 7 ], "texture": "#rail_golden" },
				"north": { "uv": [ 15, 5, 1, 6 ], "texture": "#rail_golden" },
				"south": { "uv": [ 1, 6, 15, 7 ], "texture": "#rail_golden" },
				"west": { "uv": [ 1, 5, 2, 7 ], "texture": "#rail_golden", "rotation": 270 },
				"east": { "uv": [ 15, 7, 14, 5 ], "texture": "#rail_golden", "rotation": 270 }
			}
		},
		{
			"__comment": "Box26",
			"from": [ 0.9997833, -0.0004846624, 8.999204 ],
			"to": [ 14.99978, 0.9995154, 10.9992 ],
			"faces": {
				"down": { "uv": [ 1, 11, 15, 9 ], "texture": "#rail_golden" },
				"up": { "uv": [ 1, 9, 15, 11 ], "texture": "#rail_golden" },
				"north": { "uv": [ 15, 9, 1, 10 ], "texture": "#rail_golden" },
				"south": { "uv": [ 1, 10, 15, 11 ], "texture": "#rail_golden" },
				"west": { "uv": [ 1, 9, 2, 11 ], "texture": "#rail_golden", "rotation": 270 },
				"east": { "uv": [ 15, 11, 14, 9 ], "texture": "#rail_golden", "rotation": 270 }
			}
		},
		{
			"__comment": "Box27",
			"from": [ 0.9996392, 0.0001902372, 13.00041 ],
			"to": [ 14.99964, 1.00019, 15.00041 ],
			"faces": {
				"down": { "uv": [ 1, 15, 15, 13 ], "texture": "#rail_golden" },
				"up": { "uv": [ 1, 13, 15, 15 ], "texture": "#rail_golden" },
				"north": { "uv": [ 15, 13, 1, 14 ], "texture": "#rail_golden" },
				"south": { "uv": [ 1, 14, 15, 15 ], "texture": "#rail_golden" },
				"west": { "uv": [ 1, 13, 2, 15 ], "texture": "#rail_golden", "rotation": 270 },
				"east": { "uv": [ 15, 15, 14, 13 ], "texture": "#rail_golden", "rotation": 270 }
			}
		},
		{
			"__comment": "Box28",
			"from": [ 2.000585, 0.0002077059, -0.000257433 ],
			"to": [ 5.000585, 1.000208, 15.99974 ],
			"faces": {
				"down": { "uv": [ 2, 16, 5, 0 ], "texture": "#rail_golden" },
				"up": { "uv": [ 2, 0, 5, 16 ], "texture": "#rail_golden" },
				"north": { "uv": [ 5, 0, 2, 1 ], "texture": "#rail_golden" },
				"south": { "uv": [ 2, 15, 5, 16 ], "texture": "#rail_golden" },
				"west": { "uv": [ 2, 0, 3, 16 ], "texture": "#rail_golden", "rotation": 270 },
				"east": { "uv": [ 5, 16, 4, 0 ], "texture": "#rail_golden", "rotation": 270 }
			}
		},
		{
			"__comment": "Box29",
			"from": [ 7.000985, 0.0006081612, 2.999028 ],
			"to": [ 9.000984, 1.000608, 12.99903 ],
			"faces": {
				"down": { "uv": [ 7, 13, 9, 3 ], "texture": "#rail_golden" },
				"up": { "uv": [ 7, 3, 9, 13 ], "texture": "#rail_golden" },
				"north": { "uv": [ 9, 3, 7, 4 ], "texture": "#rail_golden" },
				"south": { "uv": [ 7, 12, 9, 13 ], "texture": "#rail_golden" },
				"west": { "uv": [ 7, 3, 8, 13 ], "texture": "#rail_golden", "rotation": 270 },
				"east": { "uv": [ 9, 13, 8, 3 ], "texture": "#rail_golden", "rotation": 270 }
			}
		},
		{
			"__comment": "Box30",
			"from": [ 10.9998, 0.0001081909, -0.0004455628 ],
			"to": [ 13.9998, 1.000108, 15.99955 ],
			"faces": {
				"down": { "uv": [ 11, 16, 14, 0 ], "texture": "#rail_golden" },
				"up": { "uv": [ 11, 0, 14, 16 ], "texture": "#rail_golden" },
				"north": { "uv": [ 14, 0, 11, 1 ], "texture": "#rail_golden" },
				"south": { "uv": [ 11, 15, 14, 16 ], "texture": "#rail_golden" },
				"west": { "uv": [ 11, 0, 12, 16 ], "texture": "#rail_golden", "rotation": 270 },
				"east": { "uv": [ 14, 16, 13, 0 ], "texture": "#rail_golden", "rotation": 270 }
			}
		}
	]
}