{
  "type": "subaraki:pattern",
  "name": "sphax",
  "pattern": [
    "AAAAAAAJJJCCAAAA",
    "FFFFAAAJJJCCAAAA",
    "FFFFFFFFFFCCFFFF",
    "QQQQCHHYYYYYFFFF",
    "BBBBCHHYYYYYSSSS",
    "BBBBCHHYYYYYSSSS",
    "RRRRKKKYYYYYSSSS",
    "RRRRKKKYYYYYSSSS",
    "GGGGGGGGGGGGSSSS",
    "GGGGGGGGGGGGSSSS",
    "GGGGGGGGGGGGSSSS",
    "GGGGGGGGGGGGSSSS",
    "TTTTTTTTTTTTSSSS",
    "TTTTTTTTTTTTSSSS",
    "TTTTTTTTTTTTSSSS",
    "TTTTTTTTTTTTSSSS"
  ],
  "key": {
    "A": {"width": 1, "height": 1},
    "B": {"width": 1, "height": 2},
    "C": {"width": 1, "height": 3},
    "F": {"width": 2, "height": 1},
    "G": {"width": 2, "height": 2},
    "H": {"width": 2, "height": 3},
    "J": {"width": 3, "height": 1},
    "K": {"width": 3, "height": 2},
    "Q": {"width": 4, "height": 1},
    "R": {"width": 4, "height": 2},
    "S": {"width": 4, "height": 3},
    "T": {"width": 4, "height": 4},
    "Y": {"width": 5, "height": 5}
  }
}