{
    "parent":"item/handheld",
    "textures": {
        "layer0":"simpleores:items/onyx_sword"
    },
    "display": {
        "thirdperson_righthand": {
            "rotation": [ 0, -90, 55 ],
            "translation": [ 0, 8.50, 0.5 ],
            "scale": [ 1.70, 1.70, 1.70 ]
        },
        "thirdperson_lefthand": {
            "rotation": [ 0, 90, -55 ],
            "translation": [ 0, 8.50, 0.5 ],
            "scale": [ 1.70, 1.70, 1.70 ]
        },
        "firstperson_righthand": {
            "rotation": [ 0, -90, 30 ],
            "translation": [ 1.0, 4.0, 1.25 ],
            "scale": [ 0.95, 0.95, 0.95 ]
        },
        "firstperson_lefthand": {
            "rotation": [ 0, 90, -30 ],
            "translation": [ 1.0, 4.0, 1.25 ],
            "scale": [ 0.95, 0.95, 0.95 ]
        },
		"ground": {
			"rotation": [ 0, 0, 0 ],
			"translation": [ 0.00, 4.25, 0.00 ],
			"scale": [ 0.9375, 0.9375, 0.9375 ]
		}
    }
}